{
  "ENERO": {
    "agua_m3": 0,
    "gas_m3": 1943.4,
    "agua_total": 4458439.423472889,
    "gas_total": 0
  },
  "FEBRERO": {
    "agua_m3": 0,
    "gas_m3": 1917.6,
    "agua_total": 4036211.6129032252,
    "gas_total": 3891612.5620031464
  },
  "MARZO": {
    "agua_m3": 0,
    "gas_m3": 1938,
    "agua_total": 4086084.9167482853,
    "gas_total": 4283257.972461417
  },
  "ABRIL": {
    "agua_m3": 2441.2000000000003,
    "gas_m3": 5147033.281096963,
    "agua_total": 5724880.437855326,
    "gas_total": 10871913.718952289
  },
  "MAYO": {
    "agua_m3": 1638.7999999999997,
    "gas_m3": 3620168.914167529,
    "agua_total": 3370677.8856455917,
    "gas_total": 6990846.799813122
  },
  "JUNIO": {
    "agua_m3": 0,
    "gas_m3": 2308.6000000000004,
    "agua_total": 5099781.520165461,
    "gas_total": 4865179.979582993
  },
  "JULIO": {
    "agua_m3": 574,
    "gas_m3": 0,
    "agua_total": 1951.6,
    "gas_total": 4263318.3507109005
  },
  "AGOSTO": {
    "agua_m3": 565,
    "gas_m3": 0,
    "agua_total": 1921,
    "gas_total": 4196471.895734596
  },
  "SEPTIEMBRE": {
    "agua_m3": 696,
    "gas_m3": 0,
    "agua_total": 2366.3999999999996,
    "gas_total": 5169564.833491912
  },
  "OCTUBRE": {
    "agua_m3": 691,
    "gas_m3": 2349.3999999999996,
    "agua_total": 5132427.155090391,
    "gas_total": 5266879.923347873
  },
  "NOVIEMBRE": {
    "agua_m3": 629,
    "gas_m3": 2138.6,
    "agua_total": 4672172.6875,
    "gas_total": 4522164.917559061
  },
  "DICIEMBRE": {
    "agua_m3": 661,
    "gas_m3": 2247.4,
    "agua_total": 4909866.6875,
    "gas_total": 4848364.934270234
  }
}