{
  "ENERO": 2693.5932347878775,
  "FEBRERO": 2217.3274189011877,
  "MARZO": 2345.1091421658716,
  "ABRIL": 2056.7963666375344,
  "MAYO": 2107.4157409611857,
  "JUNIO": 2152.9488211563726,
  "JULIO": 2750.990160366476,
  "AGOSTO": 2461.947923068466,
  "SEPTIEMBRE": 2241.797873222045,
  "OCTUBRE": 2114.5445233138785,
  "NOVIEMBRE": 2157.321764826125,
  "DICIEMBRE": 2157.321764826125
}